symbol,asset_id,note
1INCH,c60_t0x111111111117dC0aa78b770fA6A738034120C302,
AAVE,c60_t0x7Fc66500c84A76Ad7e9c93437bFc5Ac33E2DDaE9,
ADX,c60_t0xADE00C28244d5CE17D72E40330B1c318cD12B7c3,AdEx rebranded to heyAura at the same contract
AMP,c60_t0xfF20817765cB7f73d4bde2e66e067E58D11095C2,
APE,c60_t0x4d224452801ACEd8B2F0aebE155379bb5D594381,
AUDIO,c60_t0x18aAA7115705e8be94bfFEBDE57Af9BFc265B998,
BAND,c60_t0xBA11D00c5f74255f56a5E366F4F77f5A186d7f55,
BAT,c60_t0x0D8775F648430679A709E98d2b0Cb6250d2887EF,
BEL,c60_t0xA91ac63D040dEB1b7A5E4d4134aD23eb0ba07e14,
BNB,c714,
BTC,c0,
COMP,c60_t0xc00e94Cb662C3520282E6f5717214004A7f26888,
COTI,c60_t0xDDB3422497E61e13543BeA06989C0789117555c5,
CRV,c60_t0xD533a949740bb3306d119CC777fa900bA034cd52,
CVX,c60_t0x4e3FBD56CD56c3e72c1403e103b45Db9da5B9D2B,
DIA,c60_t0x84cA8bc7997272c7CfB4D0Cd3D55cd942B3c9419,
ENJ,c60_t0xF629cBd94d3791C9250152BD8dfBDF380E2a3B9c,
ENS,c60_t0xC18360217D8F7Ab5e7c516566761Ea12Ce7F9D72,
ETH,c60,
FLOKI,c60_t0xcf0C122c6b73ff809C693DB761e7BaeBe62b6a2E,
FRAX,c60_t0x853d955aCEf822Db058eb8505911ED77F175b99e,
GALA,c60_t0xd1d2Eb1B1e90B638588728b4130137D262C87cae,
GAS,,Binance GAS is Neo GAS; the registry GAS is Gas DAO on Ethereum
GNO,c60_t0x6810e776880C02933D47DB1b9fc05908e5386b96,
GRT,c60_t0xc944E90C64B2c07662A292be6244BDf05Cda44a7,
HOT,c60_t0x6c6EE5e31d828De241282B9606C8e98Ea48526E2,
ID,,Binance ID is SPACE ID; the registry ID is Everest
ILV,c60_t0x767FE9EDC9E0dF98E07454847909b5E959D7ca0E,
INJ,c60_t0xe28b3B32B6c345A34Ff64674606124Dd5Aceca30,
JUP,,Binance JUP is Jupiter on Solana; the registry JUP is an unrelated Ethereum token
LAYER,,Binance LAYER is Solayer on Solana; the registry LAYER is Unilayer
LINK,c60_t0x514910771AF9Ca656af840dff83E8264EcF986CA,
LUNA,,Binance LUNA is Terra 2.0; the registry LUNA is wrapped Terra Classic
MAGIC,c60_t0xB0c7a3Ba49C7a6EaBa6cD4a96C55a1391070Ac9A,
MANA,c60_t0x0F5D2fB29fb7d3CFeE444a200298f468908cC942,
MASK,c60_t0x69af81e73A73B40adF4f3d4223Cd9b1ECE623074,
MEME,,Binance MEME is Memecoin by Memeland; the registry MEME is the 2020 MEME token
METIS,c60_t0x9E32b13ce7f2E80A01932B42553652E053D6ed8e,
NEXO,c60_t0xB62132e35a6c13ee1EE0f84dC5d40bad8d815206,
OGN,c60_t0x8207c1FfC5B6804F6024322CcF34F29c3541Ae26,
PAXG,c60_t0x45804880De22913dAFE09f4980848ECE6EcbAf78,
PUNDIX,c60_t0x0FD10b9899882a6f2fcb5c371E17e70FdEe00C38,
QNT,c60_t0x4a220E6096B25EADb88358cb44068A3248254675,
REQ,c60_t0x8f8221aFbB33998d8584A2B05749bA73c37a938a,
RLC,c60_t0x607F4C5BB672230e8672085532f7e901544a7375,
SAND,c60_t0x3845badAde8e6dFF049820680d1F14bD3903a5d0,
SHIB,c60_t0x95aD61b0a150d79219dCF64E1E6Cc01f0B64C4cE,
SKL,c60_t0x00c83aeCC790e8a4453e5dD3B0B4b3680501a7A7,
SNX,c60_t0xC011a73ee8576Fb46F5E1c5751cA3B9Fe0af2a6F,
SOL,c501,
SPELL,c60_t0x090185f2135308BaD17527004364eBcC2D37e5F6,
STG,c60_t0xAf5191B0De278C7286d6C7CC6ab6BB8A73bA2Cd6,
SUPER,c60_t0xe53EC727dbDEB9E2d5456c3be40cFF031AB40A55,
SUSHI,c60_t0x6B3595068778DD592e39A122f4f5a5cF09C90fE2,
TUSD,c60_t0x0000000000085d4780B73119b644AE5ecd22b376,
UMA,c60_t0x04Fa0d235C4abf4BcF4787aF4CF447DE572eF828,
UNI,c60_t0x1f9840a85d5aF5bf1D1762F925BDADdC4201F984,
USDC,c60_t0xA0b86991c6218b36c1d19D4a2e9Eb0cE3606eB48,
WBTC,c60_t0x2260FAC5E5542a773Aa44fBCfeDf7C193bc2C599,
WOO,c60_t0x4691937a7508860F876c9c0a2a617E7d9E945D4B,
YFI,c60_t0x0bc529c00C6401aEF6D220BE8C6Ea1667F6Ad93e,
ZRX,c60_t0xE41d2489571d322189246DaFA5ebDe1F4699F498,
