asset_id,coin_id,chain,contract_address,symbol,name,decimals,token_type
c60,60,ethereum,,ETH,Ethereum,18,NATIVE
c0,0,bitcoin,,BTC,Bitcoin,8,NATIVE
c714,714,smartchain,,BNB,BNB,18,NATIVE
c501,501,solana,,SOL,Solana,9,NATIVE
c60_t0xC02aaA39b223FE8D0A0e5C4F27eAD9083C756Cc2,60,ethereum,0xC02aaA39b223FE8D0A0e5C4F27eAD9083C756Cc2,WETH,WETH,18,ERC20
c60_t0x0000000000085d4780B73119b644AE5ecd22b376,60,ethereum,0x0000000000085d4780B73119b644AE5ecd22b376,TUSD,TrueUSD,18,ERC20
c60_t0x0000000000095413afC295d19EDeb1Ad7B71c952,60,ethereum,0x0000000000095413afC295d19EDeb1Ad7B71c952,LON,Tokenlon,18,ERC20
c60_t0x00c83aeCC790e8a4453e5dD3B0B4b3680501a7A7,60,ethereum,0x00c83aeCC790e8a4453e5dD3B0B4b3680501a7A7,SKL,SKALE,18,ERC20
c60_t0x0202Be363B8a4820f3F4DE7FaF5224fF05943AB1,60,ethereum,0x0202Be363B8a4820f3F4DE7FaF5224fF05943AB1,UFT,UniLend,18,ERC20
c60_t0x0258F474786DdFd37ABCE6df6BBb1Dd5dfC4434a,60,ethereum,0x0258F474786DdFd37ABCE6df6BBb1Dd5dfC4434a,ORN,Orion Protocol,8,ERC20
c60_t0x03ab458634910AaD20eF5f1C8ee96F1D6ac54919,60,ethereum,0x03ab458634910AaD20eF5f1C8ee96F1D6ac54919,RAI,Rai Reflex Index,18,ERC20
c60_t0x0488401c3F535193Fa8Df029d9fFe615A06E74E6,60,ethereum,0x0488401c3F535193Fa8Df029d9fFe615A06E74E6,SRK,SparkPoint,18,ERC20
c60_t0x04Fa0d235C4abf4BcF4787aF4CF447DE572eF828,60,ethereum,0x04Fa0d235C4abf4BcF4787aF4CF447DE572eF828,UMA,UMA,18,ERC20
c60_t0x06A01a4d579479Dd5D884EBf61A31727A3d8D442,60,ethereum,0x06A01a4d579479Dd5D884EBf61A31727A3d8D442,Skey,SmartKey,8,ERC20
c60_t0x07150e919B4De5fD6a63DE1F9384828396f25fDC,60,ethereum,0x07150e919B4De5fD6a63DE1F9384828396f25fDC,BASE,Base Protocol,9,ERC20
c60_t0x09a3EcAFa817268f77BE1283176B946C4ff2E608,60,ethereum,0x09a3EcAFa817268f77BE1283176B946C4ff2E608,MIR,Mirror Protocol,18,ERC20
c60_t0x09e64c2B61a5f1690Ee6fbeD9baf5D6990F8dFd0,60,ethereum,0x09e64c2B61a5f1690Ee6fbeD9baf5D6990F8dFd0,GRO,Growth DeFi,18,ERC20
c60_t0x0a50C93c762fDD6E56D86215C24AaAD43aB629aa,60,ethereum,0x0a50C93c762fDD6E56D86215C24AaAD43aB629aa,LGO,LGO Token,8,ERC20
c60_t0x0Ae055097C6d159879521C384F1D2123D1f195e6,60,ethereum,0x0Ae055097C6d159879521C384F1D2123D1f195e6,STAKE,xDai,18,ERC20
c60_t0x0bc529c00C6401aEF6D220BE8C6Ea1667F6Ad93e,60,ethereum,0x0bc529c00C6401aEF6D220BE8C6Ea1667F6Ad93e,YFI,Yearn,18,ERC20
c60_t0x0c7D5ae016f806603CB1782bEa29AC69471CAb9c,60,ethereum,0x0c7D5ae016f806603CB1782bEa29AC69471CAb9c,BFC,Bifrost,18,ERC20
c60_t0x0CDF9acd87E940837ff21BB40c9fd55F68bba059,60,ethereum,0x0CDF9acd87E940837ff21BB40c9fd55F68bba059,MINT,Public Mint,18,ERC20
c60_t0x0cEC1A9154Ff802e7934Fc916Ed7Ca50bDE6844e,60,ethereum,0x0cEC1A9154Ff802e7934Fc916Ed7Ca50bDE6844e,POOL,PoolTogether,18,ERC20
c60_t0x0D8775F648430679A709E98d2b0Cb6250d2887EF,60,ethereum,0x0D8775F648430679A709E98d2b0Cb6250d2887EF,BAT,Basic Attention Token,18,ERC20
c60_t0x0f51bb10119727a7e5eA3538074fb341F56B09Ad,60,ethereum,0x0f51bb10119727a7e5eA3538074fb341F56B09Ad,DAO,DAO Maker,18,ERC20
c60_t0x0F5D2fB29fb7d3CFeE444a200298f468908cC942,60,ethereum,0x0F5D2fB29fb7d3CFeE444a200298f468908cC942,MANA,Decentraland,18,ERC20
c60_t0x0f7F961648aE6Db43C75663aC7E5414Eb79b5704,60,ethereum,0x0f7F961648aE6Db43C75663aC7E5414Eb79b5704,XIO,Blockzero Labs,18,ERC20
c60_t0x0FD10b9899882a6f2fcb5c371E17e70FdEe00C38,60,ethereum,0x0FD10b9899882a6f2fcb5c371E17e70FdEe00C38,PUNDIX,Pundi X,18,ERC20
c60_t0x0fF6ffcFDa92c53F615a4A75D982f399C989366b,60,ethereum,0x0fF6ffcFDa92c53F615a4A75D982f399C989366b,LAYER,Unilayer,18,ERC20
c60_t0x10Be9a8dAe441d276a5027936c3aADEd2d82bC15,60,ethereum,0x10Be9a8dAe441d276a5027936c3aADEd2d82bC15,UMX,UniMex Network,18,ERC20
c60_t0x111111111117dC0aa78b770fA6A738034120C302,60,ethereum,0x111111111117dC0aa78b770fA6A738034120C302,1INCH,1inch,18,ERC20
c60_t0x1337DEF16F9B486fAEd0293eb623Dc8395dFE46a,60,ethereum,0x1337DEF16F9B486fAEd0293eb623Dc8395dFE46a,ARMOR,ARMOR,18,ERC20
c60_t0x1337DEF18C680aF1f9f45cBcab6309562975b1dD,60,ethereum,0x1337DEF18C680aF1f9f45cBcab6309562975b1dD,arNXM,Armor NXM,18,ERC20
c60_t0x1494CA1F11D487c2bBe4543E90080AeBa4BA3C2b,60,ethereum,0x1494CA1F11D487c2bBe4543E90080AeBa4BA3C2b,DPI,DeFi Pulse Index,18,ERC20
c60_t0x152687Bc4A7FCC89049cF119F9ac3e5aCF2eE7ef,60,ethereum,0x152687Bc4A7FCC89049cF119F9ac3e5aCF2eE7ef,DHC,DeltaHub Community,18,ERC20
c60_t0x15874d65e649880c2614e7a480cb7c9A55787FF6,60,ethereum,0x15874d65e649880c2614e7a480cb7c9A55787FF6,eMax,EthereumMax,18,ERC20
c60_t0x1614F18Fc94f47967A3Fbe5FfcD46d4e7Da3D787,60,ethereum,0x1614F18Fc94f47967A3Fbe5FfcD46d4e7Da3D787,PAID,PAID Network,18,ERC20
c60_t0x16980b3B4a3f9D89E33311B5aa8f80303E5ca4F8,60,ethereum,0x16980b3B4a3f9D89E33311B5aa8f80303E5ca4F8,KEX,KIRA Network,6,ERC20
c60_t0x1796ae0b0fa4862485106a0de9b654eFE301D0b2,60,ethereum,0x1796ae0b0fa4862485106a0de9b654eFE301D0b2,PMON,Polychain Monsters,18,ERC20
c60_t0x17aC188e09A7890a1844E5E65471fE8b0CcFadF3,60,ethereum,0x17aC188e09A7890a1844E5E65471fE8b0CcFadF3,CC10,Cryptocurrency Top 10 Tokens Index,18,ERC20
c60_t0x18aAA7115705e8be94bfFEBDE57Af9BFc265B998,60,ethereum,0x18aAA7115705e8be94bfFEBDE57Af9BFc265B998,AUDIO,Audius,18,ERC20
c60_t0x1985365e9f78359a9B6AD760e32412f4a445E862,60,ethereum,0x1985365e9f78359a9B6AD760e32412f4a445E862,REP,Augur,18,ERC20
c60_t0x1b40183EFB4Dd766f11bDa7A7c3AD8982e998421,60,ethereum,0x1b40183EFB4Dd766f11bDa7A7c3AD8982e998421,VSP,Vesper,18,ERC20
c60_t0x1C9491865a1DE77C5b6e19d2E6a5F1D7a6F2b25F,60,ethereum,0x1C9491865a1DE77C5b6e19d2E6a5F1D7a6F2b25F,MATTER,Antimatter.Finance Governance Token,18,ERC20
c60_t0x1C9922314ED1415c95b9FD453c3818fd41867d0B,60,ethereum,0x1C9922314ED1415c95b9FD453c3818fd41867d0B,TOWER,TOWER,18,ERC20
c60_t0x1cBb83EbcD552D5EBf8131eF8c9CD9d9BAB342bC,60,ethereum,0x1cBb83EbcD552D5EBf8131eF8c9CD9d9BAB342bC,NFY,Non-Fungible Yearn,18,ERC20
c60_t0x1cEB5cB57C4D4E2b2433641b95Dd330A33185A44,60,ethereum,0x1cEB5cB57C4D4E2b2433641b95Dd330A33185A44,KP3R,Keep3rV1,18,ERC20
c60_t0x1dD80016e3d4ae146Ee2EBB484e8edD92dacC4ce,60,ethereum,0x1dD80016e3d4ae146Ee2EBB484e8edD92dacC4ce,LEAD,Lead Wallet,18,ERC20
c60_t0x1f9840a85d5aF5bf1D1762F925BDADdC4201F984,60,ethereum,0x1f9840a85d5aF5bf1D1762F925BDADdC4201F984,UNI,Uniswap,18,ERC20
c60_t0x1fE24F25b1Cf609B9c4e7E12D802e3640dFA5e43,60,ethereum,0x1fE24F25b1Cf609B9c4e7E12D802e3640dFA5e43,CGG,ChainGuardians Governance Token,18,ERC20
c60_t0x21BfBDa47A0B4B5b1248c767Ee49F7caA9B23697,60,ethereum,0x21BfBDa47A0B4B5b1248c767Ee49F7caA9B23697,OVR,OVR,18,ERC20
c60_t0x221657776846890989a759BA2973e427DfF5C9bB,60,ethereum,0x221657776846890989a759BA2973e427DfF5C9bB,REPv2,Reputation,18,ERC20
c60_t0x2260FAC5E5542a773Aa44fBCfeDf7C193bc2C599,60,ethereum,0x2260FAC5E5542a773Aa44fBCfeDf7C193bc2C599,WBTC,Wrapped Bitcoin,8,ERC20
c60_t0x226f7b842E0F0120b7E194D05432b3fd14773a9D,60,ethereum,0x226f7b842E0F0120b7E194D05432b3fd14773a9D,UNN,UNION Protocol Governance Token,18,ERC20
c60_t0x23B608675a2B2fB1890d3ABBd85c5775c51691d5,60,ethereum,0x23B608675a2B2fB1890d3ABBd85c5775c51691d5,SOCKS,Unisocks Edition 0,18,ERC20
c60_t0x25e1474170c4c0aA64fa98123bdc8dB49D7802fa,60,ethereum,0x25e1474170c4c0aA64fa98123bdc8dB49D7802fa,BID,Bidao,18,ERC20
c60_t0x26c8AFBBFE1EBaca03C2bB082E69D0476Bffe099,60,ethereum,0x26c8AFBBFE1EBaca03C2bB082E69D0476Bffe099,CELL,Cellframe,18,ERC20
c60_t0x26E43759551333e57F073bb0772F50329A957b30,60,ethereum,0x26E43759551333e57F073bb0772F50329A957b30,DGVC,DegenVC,18,ERC20
c60_t0x27C70Cd1946795B66be9d954418546998b546634,60,ethereum,0x27C70Cd1946795B66be9d954418546998b546634,LEASH,DOGE KILLER,18,ERC20
c60_t0x29502fE4d233EF0b45C3647101Fa1252cE0634BD,60,ethereum,0x29502fE4d233EF0b45C3647101Fa1252cE0634BD,FROGE,Froge Finance,9,ERC20
c60_t0x2b591e99afE9f32eAA6214f7B7629768c40Eeb39,60,ethereum,0x2b591e99afE9f32eAA6214f7B7629768c40Eeb39,HEX,HEX,8,ERC20
c60_t0x2ba592F78dB6436527729929AAf6c908497cB200,60,ethereum,0x2ba592F78dB6436527729929AAf6c908497cB200,CREAM,Cream Finance,18,ERC20
c60_t0x2e1E15C44Ffe4Df6a0cb7371CD00d5028e571d14,60,ethereum,0x2e1E15C44Ffe4Df6a0cb7371CD00d5028e571d14,MTLX,Mettalex,18,ERC20
c60_t0x2e2f3246b6c65CCc4239c9Ee556EC143a7E5DE2c,60,ethereum,0x2e2f3246b6c65CCc4239c9Ee556EC143a7E5DE2c,YFIM,Yfi.mobi,18,ERC20
c60_t0x2eDf094dB69d6Dcd487f1B3dB9febE2eeC0dd4c5,60,ethereum,0x2eDf094dB69d6Dcd487f1B3dB9febE2eeC0dd4c5,ZEE,ZeroSwap,18,ERC20
c60_t0x30f271C9E86D2B7d00a6376Cd96A1cFBD5F0b9b3,60,ethereum,0x30f271C9E86D2B7d00a6376Cd96A1cFBD5F0b9b3,DEC,Decentr,18,ERC20
c60_t0x3383c5a8969Dc413bfdDc9656Eb80A1408E4bA20,60,ethereum,0x3383c5a8969Dc413bfdDc9656Eb80A1408E4bA20,wANATHA,Anatha,18,ERC20
c60_t0x33D0568941C0C64ff7e0FB4fbA0B11BD37deEd9f,60,ethereum,0x33D0568941C0C64ff7e0FB4fbA0B11BD37deEd9f,RAMP,RAMP DEFI,18,ERC20
c60_t0x3593D125a4f7849a1B059E64F4517A86Dd60c95d,60,ethereum,0x3593D125a4f7849a1B059E64F4517A86Dd60c95d,OM,MANTRA,18,ERC20
c60_t0x362bc847A3a9637d3af6624EeC853618a43ed7D2,60,ethereum,0x362bc847A3a9637d3af6624EeC853618a43ed7D2,PRQ,PARSIQ,18,ERC20
c60_t0x3845badAde8e6dFF049820680d1F14bD3903a5d0,60,ethereum,0x3845badAde8e6dFF049820680d1F14bD3903a5d0,SAND,The Sandbox,18,ERC20
c60_t0x38e4adB44ef08F22F5B5b76A8f0c2d0dCbE7DcA1,60,ethereum,0x38e4adB44ef08F22F5B5b76A8f0c2d0dCbE7DcA1,CVP,Concentrated Voting Power,18,ERC20
c60_t0x3aFfCCa64c2A6f4e3B6Bd9c64CD2C969EFd1ECBe,60,ethereum,0x3aFfCCa64c2A6f4e3B6Bd9c64CD2C969EFd1ECBe,DSLA,DSLA,18,ERC20
c60_t0x3D3D35bb9bEC23b06Ca00fe472b50E7A4c692C30,60,ethereum,0x3D3D35bb9bEC23b06Ca00fe472b50E7A4c692C30,VIDYA,Vidya,18,ERC20
c60_t0x408e41876cCCDC0F92210600ef50372656052a38,60,ethereum,0x408e41876cCCDC0F92210600ef50372656052a38,REN,Ren,18,ERC20
c60_t0x40FD72257597aA14C7231A7B1aaa29Fce868F677,60,ethereum,0x40FD72257597aA14C7231A7B1aaa29Fce868F677,XOR,SORA,18,ERC20
c60_t0x419D0d8BdD9aF5e606Ae2232ed285Aff190E711b,60,ethereum,0x419D0d8BdD9aF5e606Ae2232ed285Aff190E711b,FUN,FunFair,8,ERC20
c60_t0x41A3Dba3D677E573636BA691a70ff2D606c29666,60,ethereum,0x41A3Dba3D677E573636BA691a70ff2D606c29666,BLANK,GoBlank,18,ERC20
c60_t0x429881672B9AE42b8EbA0E26cD9C73711b891Ca5,60,ethereum,0x429881672B9AE42b8EbA0E26cD9C73711b891Ca5,PICKLE,Pickle Finance,18,ERC20
c60_t0x431ad2ff6a9C365805eBaD47Ee021148d6f7DBe0,60,ethereum,0x431ad2ff6a9C365805eBaD47Ee021148d6f7DBe0,DF,dForce,18,ERC20
c60_t0xcf0C122c6b73ff809C693DB761e7BaeBe62b6a2E,60,ethereum,0xcf0C122c6b73ff809C693DB761e7BaeBe62b6a2E,FLOKI,FLOKI,9,ERC20
c60_t0x4575f41308EC1483f3d399aa9a2826d74Da13Deb,60,ethereum,0x4575f41308EC1483f3d399aa9a2826d74Da13Deb,OXT,Orchid,18,ERC20
c60_t0x45804880De22913dAFE09f4980848ECE6EcbAf78,60,ethereum,0x45804880De22913dAFE09f4980848ECE6EcbAf78,PAXG,PAX Gold,18,ERC20
c60_t0x4691937a7508860F876c9c0a2a617E7d9E945D4B,60,ethereum,0x4691937a7508860F876c9c0a2a617E7d9E945D4B,WOO,WOO,18,ERC20
c60_t0x4a220E6096B25EADb88358cb44068A3248254675,60,ethereum,0x4a220E6096B25EADb88358cb44068A3248254675,QNT,Quant,18,ERC20
c60_t0x4B1E80cAC91e2216EEb63e29B957eB91Ae9C2Be8,60,ethereum,0x4B1E80cAC91e2216EEb63e29B957eB91Ae9C2Be8,JUP,Jupiter,18,ERC20
c60_t0x4c11249814f11b9346808179Cf06e71ac328c1b5,60,ethereum,0x4c11249814f11b9346808179Cf06e71ac328c1b5,ORAI,Oraichain Token,18,ERC20
c60_t0x4C19596f5aAfF459fA38B0f7eD92F11AE6543784,60,ethereum,0x4C19596f5aAfF459fA38B0f7eD92F11AE6543784,TRU,TrueFi,8,ERC20
c60_t0x4e352cF164E64ADCBad318C3a1e222E9EBa4Ce42,60,ethereum,0x4e352cF164E64ADCBad318C3a1e222E9EBa4Ce42,MCB,MCDEX Token,18,ERC20
c60_t0x4fE83213D56308330EC302a8BD641f1d0113A4Cc,60,ethereum,0x4fE83213D56308330EC302a8BD641f1d0113A4Cc,NU,NuCypher,18,ERC20
c60_t0x50DE6856358Cc35f3A9a57eAAA34BD4cB707d2cd,60,ethereum,0x50DE6856358Cc35f3A9a57eAAA34BD4cB707d2cd,RAZOR,Razor Network,18,ERC20
c60_t0x514910771AF9Ca656af840dff83E8264EcF986CA,60,ethereum,0x514910771AF9Ca656af840dff83E8264EcF986CA,LINK,Chainlink,18,ERC20
c60_t0x5218E472cFCFE0b64A064F055B43b4cdC9EfD3A6,60,ethereum,0x5218E472cFCFE0b64A064F055B43b4cdC9EfD3A6,eRSDL,unFederalReserve,18,ERC20
c60_t0x5228a22e72ccC52d415EcFd199F99D0665E7733b,60,ethereum,0x5228a22e72ccC52d415EcFd199F99D0665E7733b,pBTC,pTokens BTC,18,ERC20
c60_t0x54C9EA2E9C9E8eD865Db4A4ce6711C2a0d5063Ba,60,ethereum,0x54C9EA2E9C9E8eD865Db4A4ce6711C2a0d5063Ba,BART,BarterTrade,18,ERC20
c60_t0x557B933a7C2c45672B610F8954A3deB39a51A8Ca,60,ethereum,0x557B933a7C2c45672B610F8954A3deB39a51A8Ca,REVV,REVV,18,ERC20
c60_t0x57Ab1ec28D129707052df4dF418D58a2D46d5f51,60,ethereum,0x57Ab1ec28D129707052df4dF418D58a2D46d5f51,sUSD,sUSD,18,ERC20
c60_t0x584bC13c7D411c00c01A62e8019472dE68768430,60,ethereum,0x584bC13c7D411c00c01A62e8019472dE68768430,HEGIC,Hegic,18,ERC20
c60_t0x5a666c7d92E5fA7Edcb6390E4efD6d0CDd69cF37,60,ethereum,0x5a666c7d92E5fA7Edcb6390E4efD6d0CDd69cF37,MARSH,UnMarshal,18,ERC20
c60_t0x5BEfBB272290dD5b8521D4a938f6c4757742c430,60,ethereum,0x5BEfBB272290dD5b8521D4a938f6c4757742c430,XFI,Xfinance,18,ERC20
c60_t0x5cAf454Ba92e6F2c929DF14667Ee360eD9fD5b26,60,ethereum,0x5cAf454Ba92e6F2c929DF14667Ee360eD9fD5b26,DEV,Dev,18,ERC20
c60_t0x5Dc02Ea99285E17656b8350722694c35154DB1E8,60,ethereum,0x5Dc02Ea99285E17656b8350722694c35154DB1E8,BOND,BOND,8,ERC20
c60_t0x5F64Ab1544D28732F0A24F4713c2C8ec0dA089f0,60,ethereum,0x5F64Ab1544D28732F0A24F4713c2C8ec0dA089f0,DEXTF,DEXTF Token,18,ERC20
c60_t0x5f98805A4E8be255a32880FDeC7F6728C6568bA0,60,ethereum,0x5f98805A4E8be255a32880FDeC7F6728C6568bA0,LUSD,Liquity USD,18,ERC20
c60_t0x607F4C5BB672230e8672085532f7e901544a7375,60,ethereum,0x607F4C5BB672230e8672085532f7e901544a7375,RLC,iExec RLC,9,ERC20
c60_t0x6149C26Cd2f7b5CCdb32029aF817123F6E37Df5B,60,ethereum,0x6149C26Cd2f7b5CCdb32029aF817123F6E37Df5B,LPOOL,Launchpool,18,ERC20
c60_t0x62359Ed7505Efc61FF1D56fEF82158CcaffA23D7,60,ethereum,0x62359Ed7505Efc61FF1D56fEF82158CcaffA23D7,CORE,cVault.finance,18,ERC20
c60_t0x6243d8CEA23066d098a15582d81a598b4e8391F4,60,ethereum,0x6243d8CEA23066d098a15582d81a598b4e8391F4,FLX,Reflexer Ungovernance Token,18,ERC20
c60_t0x626E8036dEB333b408Be468F951bdB42433cBF18,60,ethereum,0x626E8036dEB333b408Be468F951bdB42433cBF18,AIOZ,AIOZ Network,18,ERC20
c60_t0x63b4f3e3fa4e438698CE330e365E831F7cCD1eF4,60,ethereum,0x63b4f3e3fa4e438698CE330e365E831F7cCD1eF4,CFi,CyberFi Token,18,ERC20
c60_t0x66a0f676479Cee1d7373f3DC2e2952778BfF5bd6,60,ethereum,0x66a0f676479Cee1d7373f3DC2e2952778BfF5bd6,WISE,Wise Token,18,ERC20
c60_t0x67B6D479c7bB412C54e03dCA8E1Bc6740ce6b99C,60,ethereum,0x67B6D479c7bB412C54e03dCA8E1Bc6740ce6b99C,KYL,Kylin,18,ERC20
c60_t0x67c597624B17b16fb77959217360B7cD18284253,60,ethereum,0x67c597624B17b16fb77959217360B7cD18284253,MARK,Benchmark Protocol,9,ERC20
c60_t0x6810e776880C02933D47DB1b9fc05908e5386b96,60,ethereum,0x6810e776880C02933D47DB1b9fc05908e5386b96,GNO,Gnosis,18,ERC20
c60_t0x69692D3345010a207b759a7D1af6fc7F38b35c5E,60,ethereum,0x69692D3345010a207b759a7D1af6fc7F38b35c5E,CHADS,chads.vc,18,ERC20
c60_t0x69af81e73A73B40adF4f3d4223Cd9b1ECE623074,60,ethereum,0x69af81e73A73B40adF4f3d4223Cd9b1ECE623074,MASK,Mask Network,18,ERC20
c60_t0x6B175474E89094C44Da98b954EedeAC495271d0F,60,ethereum,0x6B175474E89094C44Da98b954EedeAC495271d0F,DAI,Dai,18,ERC20
c60_t0x6B3595068778DD592e39A122f4f5a5cF09C90fE2,60,ethereum,0x6B3595068778DD592e39A122f4f5a5cF09C90fE2,SUSHI,SushiSwap,18,ERC20
c60_t0x6BFf2fE249601ed0Db3a87424a2E923118BB0312,60,ethereum,0x6BFf2fE249601ed0Db3a87424a2E923118BB0312,FYZ,Fyooz,18,ERC20
c60_t0x6c6EE5e31d828De241282B9606C8e98Ea48526E2,60,ethereum,0x6c6EE5e31d828De241282B9606C8e98Ea48526E2,HOT,Holo,18,ERC20
c60_t0x6e0daDE58D2d89eBBe7aFc384e3E4f15b70b14D8,60,ethereum,0x6e0daDE58D2d89eBBe7aFc384e3E4f15b70b14D8,QRX,QuiverX,18,ERC20
c60_t0x6F87D756DAf0503d08Eb8993686c7Fc01Dc44fB1,60,ethereum,0x6F87D756DAf0503d08Eb8993686c7Fc01Dc44fB1,TRADE,UniTrade,18,ERC20
c60_t0x6fC13EACE26590B80cCCAB1ba5d51890577D83B2,60,ethereum,0x6fC13EACE26590B80cCCAB1ba5d51890577D83B2,UMB,Umbrella Network,18,ERC20
c60_t0x70401dFD142A16dC7031c56E862Fc88Cb9537Ce0,60,ethereum,0x70401dFD142A16dC7031c56E862Fc88Cb9537Ce0,BIRD,Bird.Money,18,ERC20
c60_t0x71F85B2E46976bD21302B64329868fd15eb0D127,60,ethereum,0x71F85B2E46976bD21302B64329868fd15eb0D127,AXN,Axion,18,ERC20
c60_t0x725C263e32c72dDC3A19bEa12C5a0479a81eE688,60,ethereum,0x725C263e32c72dDC3A19bEa12C5a0479a81eE688,BMI,Bridge Mutual,18,ERC20
c60_t0x72630B1e3B42874bf335020Ba0249e3E9e47Bafc,60,ethereum,0x72630B1e3B42874bf335020Ba0249e3E9e47Bafc,EPAN,Paypolitan Token,18,ERC20
c60_t0x72e364F2ABdC788b7E918bc238B21f109Cd634D7,60,ethereum,0x72e364F2ABdC788b7E918bc238B21f109Cd634D7,MVI,Metaverse Index,18,ERC20
c60_t0x72e9D9038cE484EE986FEa183f8d8Df93f9aDA13,60,ethereum,0x72e9D9038cE484EE986FEa183f8d8Df93f9aDA13,SMARTCREDIT,SmartCredit Token,18,ERC20
c60_t0x761D38e5ddf6ccf6Cf7c55759d5210750B5D60F3,60,ethereum,0x761D38e5ddf6ccf6Cf7c55759d5210750B5D60F3,ELON,Dogelon,18,ERC20
c60_t0x7659CE147D0e714454073a5dd7003544234b6Aa0,60,ethereum,0x7659CE147D0e714454073a5dd7003544234b6Aa0,XCAD,XCAD Network,18,ERC20
c60_t0x7671904eed7f10808B664fc30BB8693FD7237abF,60,ethereum,0x7671904eed7f10808B664fc30BB8693FD7237abF,BBR,Boolberry,18,ERC20
c60_t0x77777FeDdddFfC19Ff86DB637967013e6C6A116C,60,ethereum,0x77777FeDdddFfC19Ff86DB637967013e6C6A116C,TORN,Tornado Cash,18,ERC20
c60_t0x7a2Bc711E19ba6aff6cE8246C546E8c4B4944DFD,60,ethereum,0x7a2Bc711E19ba6aff6cE8246C546E8c4B4944DFD,WAXE,WAXE,8,ERC20
c60_t0x7b123f53421b1bF8533339BFBdc7C98aA94163db,60,ethereum,0x7b123f53421b1bF8533339BFBdc7C98aA94163db,buidl,DFOhub,18,ERC20
c60_t0x7D1AfA7B718fb893dB30A3aBc0Cfc608AaCfeBB0,60,ethereum,0x7D1AfA7B718fb893dB30A3aBc0Cfc608AaCfeBB0,MATIC,Polygon,18,ERC20
c60_t0x7dE91B204C1C737bcEe6F000AAA6569Cf7061cb7,60,ethereum,0x7dE91B204C1C737bcEe6F000AAA6569Cf7061cb7,XRT,Robonomics,9,ERC20
c60_t0x7F3EDcdD180Dbe4819Bd98FeE8929b5cEdB3AdEB,60,ethereum,0x7F3EDcdD180Dbe4819Bd98FeE8929b5cEdB3AdEB,XTK,xToken,18,ERC20
c60_t0x7Fc66500c84A76Ad7e9c93437bFc5Ac33E2DDaE9,60,ethereum,0x7Fc66500c84A76Ad7e9c93437bFc5Ac33E2DDaE9,AAVE,Aave,18,ERC20
c60_t0x7FF4169a6B5122b664c51c95727d87750eC07c84,60,ethereum,0x7FF4169a6B5122b664c51c95727d87750eC07c84,10SET,Tenset,18,ERC20
c60_t0x8207c1FfC5B6804F6024322CcF34F29c3541Ae26,60,ethereum,0x8207c1FfC5B6804F6024322CcF34F29c3541Ae26,OGN,Origin Protocol,18,ERC20
c60_t0x83e6f1E41cdd28eAcEB20Cb649155049Fac3D5Aa,60,ethereum,0x83e6f1E41cdd28eAcEB20Cb649155049Fac3D5Aa,POLS,Polkastarter,18,ERC20
c60_t0x8400D94A5cb0fa0D041a3788e395285d61c9ee5e,60,ethereum,0x8400D94A5cb0fa0D041a3788e395285d61c9ee5e,UBT,Unibright,8,ERC20
c60_t0x84cA8bc7997272c7CfB4D0Cd3D55cd942B3c9419,60,ethereum,0x84cA8bc7997272c7CfB4D0Cd3D55cd942B3c9419,DIA,DIA,18,ERC20
c60_t0x853d955aCEf822Db058eb8505911ED77F175b99e,60,ethereum,0x853d955aCEf822Db058eb8505911ED77F175b99e,FRAX,Frax,18,ERC20
c60_t0x85Eee30c52B0b379b046Fb0F85F4f3Dc3009aFEC,60,ethereum,0x85Eee30c52B0b379b046Fb0F85F4f3Dc3009aFEC,KEEP,KEEP Token,18,ERC20
c60_t0x8888801aF4d980682e47f1A9036e589479e835C5,60,ethereum,0x8888801aF4d980682e47f1A9036e589479e835C5,MPH,88mph.app,18,ERC20
c60_t0x88ACDd2a6425c3FaAE4Bc9650Fd7E27e0Bebb7aB,60,ethereum,0x88ACDd2a6425c3FaAE4Bc9650Fd7E27e0Bebb7aB,⚗️,Alchemist,18,ERC20
c60_t0x89Ab32156e46F46D02ade3FEcbe5Fc4243B9AAeD,60,ethereum,0x89Ab32156e46F46D02ade3FEcbe5Fc4243B9AAeD,PNT,pNetwork,18,ERC20
c60_t0x8a40c222996f9F3431f63Bf80244C36822060f12,60,ethereum,0x8a40c222996f9F3431f63Bf80244C36822060f12,FXF,Finxflo,18,ERC20
c60_t0x8a854288a5976036A725879164Ca3e91d30c6A1B,60,ethereum,0x8a854288a5976036A725879164Ca3e91d30c6A1B,GET,GET,18,ERC20
c60_t0x8B39B70E39Aa811b69365398e0aACe9bee238AEb,60,ethereum,0x8B39B70E39Aa811b69365398e0aACe9bee238AEb,PKF,PolkaFoundry,18,ERC20
c60_t0x8c15Ef5b4B21951d50E53E4fbdA8298FFAD25057,60,ethereum,0x8c15Ef5b4B21951d50E53E4fbdA8298FFAD25057,FX,Function X,18,ERC20
c60_t0x8CE9137d39326AD0cD6491fb5CC0CbA0e089b6A9,60,ethereum,0x8CE9137d39326AD0cD6491fb5CC0CbA0e089b6A9,SXP,Swipe,18,ERC20
c60_t0x8dAEBADE922dF735c38C80C7eBD708Af50815fAa,60,ethereum,0x8dAEBADE922dF735c38C80C7eBD708Af50815fAa,TBTC,tBTC,18,ERC20
c60_t0x5B7533812759B45C2B44C19e320ba2cD2681b542,60,ethereum,0x5B7533812759B45C2B44C19e320ba2cD2681b542,AGIX,SingularityNET Token,8,ERC20
c60_t0x8f8221aFbB33998d8584A2B05749bA73c37a938a,60,ethereum,0x8f8221aFbB33998d8584A2B05749bA73c37a938a,REQ,Request,18,ERC20
c60_t0x9355372396e3F6daF13359B7b607a3374cc638e0,60,ethereum,0x9355372396e3F6daF13359B7b607a3374cc638e0,WHALE,WHALE,4,ERC20
c60_t0x93ED3FBe21207Ec2E8f2d3c3de6e058Cb73Bc04d,60,ethereum,0x93ED3FBe21207Ec2E8f2d3c3de6e058Cb73Bc04d,PNK,Pinakion,18,ERC20
c60_t0x9469D013805bFfB7D3DEBe5E7839237e535ec483,60,ethereum,0x9469D013805bFfB7D3DEBe5E7839237e535ec483,RING,Evolution Land Global Token,18,ERC20
c60_t0x954b890704693af242613edEf1B603825afcD708,60,ethereum,0x954b890704693af242613edEf1B603825afcD708,CARD,Cardstack,18,ERC20
c60_t0x956F47F50A910163D8BF957Cf5846D573E7f87CA,60,ethereum,0x956F47F50A910163D8BF957Cf5846D573E7f87CA,FEI,Fei USD,18,ERC20
c60_t0x95a4492F028aa1fd432Ea71146b433E7B4446611,60,ethereum,0x95a4492F028aa1fd432Ea71146b433E7B4446611,APY,APY.Finance,18,ERC20
c60_t0x95aD61b0a150d79219dCF64E1E6Cc01f0B64C4cE,60,ethereum,0x95aD61b0a150d79219dCF64E1E6Cc01f0B64C4cE,SHIB,SHIBA INU,18,ERC20
c60_t0x967da4048cD07aB37855c090aAF366e4ce1b9F48,60,ethereum,0x967da4048cD07aB37855c090aAF366e4ce1b9F48,OCEAN,Ocean Protocol,18,ERC20
c60_t0x990f341946A3fdB507aE7e52d17851B87168017c,60,ethereum,0x990f341946A3fdB507aE7e52d17851B87168017c,STRONG,Strong,18,ERC20
c60_t0x9B02dD390a603Add5c07f9fd9175b7DABE8D63B7,60,ethereum,0x9B02dD390a603Add5c07f9fd9175b7DABE8D63B7,SPI,Shopping.io,18,ERC20
c60_t0x9BE89D2a4cd102D8Fecc6BF9dA793be995C22541,60,ethereum,0x9BE89D2a4cd102D8Fecc6BF9dA793be995C22541,BBTC,Binance Wrapped BTC,8,ERC20
c60_t0x9cEB84f92A0561fa3Cc4132aB9c0b76A59787544,60,ethereum,0x9cEB84f92A0561fa3Cc4132aB9c0b76A59787544,DOKI,Doki Doki Finance,18,ERC20
c60_t0x9EA3b5b4EC044b70375236A281986106457b20EF,60,ethereum,0x9EA3b5b4EC044b70375236A281986106457b20EF,DELTA,Delta Financial,18,ERC20
c60_t0x9Ed8e7C9604790F7Ec589F99b94361d8AAB64E5E,60,ethereum,0x9Ed8e7C9604790F7Ec589F99b94361d8AAB64E5E,UNISTAKE,Unistake,18,ERC20
c60_t0x9f7229aF0c4b9740e207Ea283b9094983f78ba04,60,ethereum,0x9f7229aF0c4b9740e207Ea283b9094983f78ba04,TAD,Tadpole,18,ERC20
c60_t0x9f8F72aA9304c8B593d555F12eF6589cC3A579A2,60,ethereum,0x9f8F72aA9304c8B593d555F12eF6589cC3A579A2,MKR,Maker,18,ERC20
c60_t0x9F9c8ec3534c3cE16F928381372BfbFBFb9F4D24,60,ethereum,0x9F9c8ec3534c3cE16F928381372BfbFBFb9F4D24,GLQ,GraphLinq,18,ERC20
c60_t0xa0246c9032bC3A600820415aE600c6388619A14D,60,ethereum,0xa0246c9032bC3A600820415aE600c6388619A14D,FARM,Harvest Finance,18,ERC20
c60_t0xa0afAA285Ce85974c3C881256cB7F225e3A1178a,60,ethereum,0xa0afAA285Ce85974c3C881256cB7F225e3A1178a,wCRES,Wrapped CrescoFin,18,ERC20
c60_t0xA0b86991c6218b36c1d19D4a2e9Eb0cE3606eB48,60,ethereum,0xA0b86991c6218b36c1d19D4a2e9Eb0cE3606eB48,USDC,USDC,6,ERC20
c60_t0xa117000000f279D81A1D3cc75430fAA017FA5A2e,60,ethereum,0xa117000000f279D81A1D3cc75430fAA017FA5A2e,ANT,Aragon,18,ERC20
c60_t0xa1d6Df714F91DeBF4e0802A542E13067f31b8262,60,ethereum,0xa1d6Df714F91DeBF4e0802A542E13067f31b8262,RFOX,RFOX,18,ERC20
c60_t0xa393473d64d2F9F026B60b6Df7859A689715d092,60,ethereum,0xa393473d64d2F9F026B60b6Df7859A689715d092,LTX,Lattice Token,8,ERC20
c60_t0xa3BeD4E1c75D00fa6f4E5E6922DB7261B5E9AcD2,60,ethereum,0xa3BeD4E1c75D00fa6f4E5E6922DB7261B5E9AcD2,MTA,Meta,18,ERC20
c60_t0xA4EED63db85311E22dF4473f87CcfC3DaDCFA3E3,60,ethereum,0xA4EED63db85311E22dF4473f87CcfC3DaDCFA3E3,RBC,Rubic,18,ERC20
c60_t0xA8b919680258d369114910511cc87595aec0be6D,60,ethereum,0xA8b919680258d369114910511cc87595aec0be6D,LYXe,LUKSO,18,ERC20
c60_t0xa8c8CfB141A3bB59FEA1E2ea6B79b5ECBCD7b6ca,60,ethereum,0xa8c8CfB141A3bB59FEA1E2ea6B79b5ECBCD7b6ca,NOIA,Syntropy,18,ERC20
c60_t0xA91ac63D040dEB1b7A5E4d4134aD23eb0ba07e14,60,ethereum,0xA91ac63D040dEB1b7A5E4d4134aD23eb0ba07e14,BEL,Bella Protocol,18,ERC20
c60_t0xAa6E8127831c9DE45ae56bB1b0d4D4Da6e5665BD,60,ethereum,0xAa6E8127831c9DE45ae56bB1b0d4D4Da6e5665BD,ETH2x-FLI,ETH 2x Flexible Leverage Index,18,ERC20
c60_t0xaA7a9CA87d3694B5755f213B5D04094b8d0F0A6F,60,ethereum,0xaA7a9CA87d3694B5755f213B5D04094b8d0F0A6F,TRAC,OriginTrail,18,ERC20
c60_t0xaaAEBE6Fe48E54f431b0C390CfaF0b017d09D42d,60,ethereum,0xaaAEBE6Fe48E54f431b0C390CfaF0b017d09D42d,CEL,Celsius,4,ERC20
c60_t0xaAAf91D9b90dF800Df4F55c205fd6989c977E73a,60,ethereum,0xaAAf91D9b90dF800Df4F55c205fd6989c977E73a,TKN,Monolith TKN,8,ERC20
c60_t0xaC0104Cca91D167873B8601d2e71EB3D4D8c33e0,60,ethereum,0xaC0104Cca91D167873B8601d2e71EB3D4D8c33e0,CWS,Crowns,18,ERC20
c60_t0xAd4f86a25bbc20FfB751f2FAC312A0B4d8F88c64,60,ethereum,0xAd4f86a25bbc20FfB751f2FAC312A0B4d8F88c64,ROOM,OptionRoom Token,18,ERC20
c60_t0xaDB2437e6F65682B85F814fBc12FeC0508A7B1D0,60,ethereum,0xaDB2437e6F65682B85F814fBc12FeC0508A7B1D0,UNCX,UniCrypt,18,ERC20
c60_t0xADE00C28244d5CE17D72E40330B1c318cD12B7c3,60,ethereum,0xADE00C28244d5CE17D72E40330B1c318cD12B7c3,ADX,heyAura,18,ERC20
c60_t0xAE1eaAE3F627AAca434127644371b67B18444051,60,ethereum,0xAE1eaAE3F627AAca434127644371b67B18444051,YOP,YOP,8,ERC20
c60_t0xaE697F994Fc5eBC000F8e22EbFfeE04612f98A0d,60,ethereum,0xaE697F994Fc5eBC000F8e22EbFfeE04612f98A0d,LGCY,LGCY Network,18,ERC20
c60_t0xaf9f549774ecEDbD0966C52f250aCc548D3F36E5,60,ethereum,0xaf9f549774ecEDbD0966C52f250aCc548D3F36E5,RFuel,Rio Fuel Token,18,ERC20
c60_t0xB1e9157c2Fdcc5a856C8DA8b2d89b6C32b3c1229,60,ethereum,0xB1e9157c2Fdcc5a856C8DA8b2d89b6C32b3c1229,ZEFU,Zenfuse,18,ERC20
c60_t0xB26631c6dda06aD89B93C71400D25692de89c068,60,ethereum,0xB26631c6dda06aD89B93C71400D25692de89c068,MINDS,Minds,18,ERC20
c60_t0x745407c86DF8DB893011912d3aB28e68B62E49B0,60,ethereum,0x745407c86DF8DB893011912d3aB28e68B62E49B0,MAHA,MahaDAO,18,ERC20
c60_t0xB62132e35a6c13ee1EE0f84dC5d40bad8d815206,60,ethereum,0xB62132e35a6c13ee1EE0f84dC5d40bad8d815206,NEXO,Nexo,18,ERC20
c60_t0xB6ff96B8A8d214544Ca0dBc9B33f7AD6503eFD32,60,ethereum,0xB6ff96B8A8d214544Ca0dBc9B33f7AD6503eFD32,SYNC,SYNC,18,ERC20
c60_t0xb753428af26E81097e7fD17f40c88aaA3E04902c,60,ethereum,0xb753428af26E81097e7fD17f40c88aaA3E04902c,SFI,saffron.finance,18,ERC20
c60_t0xB987D48Ed8f2C468D52D6405624EADBa5e76d723,60,ethereum,0xB987D48Ed8f2C468D52D6405624EADBa5e76d723,STBZ,Stabilize Token,18,ERC20
c60_t0xB9d99C33eA2d86EC5eC6b8A4dD816EBBA64404AF,60,ethereum,0xB9d99C33eA2d86EC5eC6b8A4dD816EBBA64404AF,K21,K21,18,ERC20
c60_t0xb9EF770B6A5e12E45983C5D80545258aA38F3B78,60,ethereum,0xb9EF770B6A5e12E45983C5D80545258aA38F3B78,ZCN,0chain,10,ERC20
c60_t0xba100000625a3754423978a60c9317c58a424e3D,60,ethereum,0xba100000625a3754423978a60c9317c58a424e3D,BAL,Balancer,18,ERC20
c60_t0xBA11D00c5f74255f56a5E366F4F77f5A186d7f55,60,ethereum,0xBA11D00c5f74255f56a5E366F4F77f5A186d7f55,BAND,Band,18,ERC20
c60_t0xBa21Ef4c9f433Ede00badEFcC2754B8E74bd538A,60,ethereum,0xBa21Ef4c9f433Ede00badEFcC2754B8E74bd538A,SWFL,Swapfolio,18,ERC20
c60_t0xBBbbCA6A901c926F240b89EacB641d8Aec7AEafD,60,ethereum,0xBBbbCA6A901c926F240b89EacB641d8Aec7AEafD,LRC,Loopring,18,ERC20
c60_t0xBBc2AE13b23d715c30720F079fcd9B4a74093505,60,ethereum,0xBBc2AE13b23d715c30720F079fcd9B4a74093505,ERN,Ethernity Chain,18,ERC20
c60_t0xbC396689893D065F41bc2C6EcbeE5e0085233447,60,ethereum,0xbC396689893D065F41bc2C6EcbeE5e0085233447,PERP,Perpetual,18,ERC20
c60_t0xbEa98c05eEAe2f3bC8c3565Db7551Eb738c8CCAb,60,ethereum,0xbEa98c05eEAe2f3bC8c3565Db7551Eb738c8CCAb,GYSR,GYSR,18,ERC20
c60_t0xBF494F02EE3FdE1F20BEE6242bCe2d1ED0c15e47,60,ethereum,0xBF494F02EE3FdE1F20BEE6242bCe2d1ED0c15e47,WORLD,World Token,18,ERC20
c60_t0xc00e94Cb662C3520282E6f5717214004A7f26888,60,ethereum,0xc00e94Cb662C3520282E6f5717214004A7f26888,COMP,Compound,18,ERC20
c60_t0xC011a73ee8576Fb46F5E1c5751cA3B9Fe0af2a6F,60,ethereum,0xC011a73ee8576Fb46F5E1c5751cA3B9Fe0af2a6F,SNX,Synthetix,18,ERC20
c60_t0xC0bA369c8Db6eB3924965e5c4FD0b4C1B91e305F,60,ethereum,0xC0bA369c8Db6eB3924965e5c4FD0b4C1B91e305F,DUCK,DLP Duck Token,18,ERC20
c60_t0xC18360217D8F7Ab5e7c516566761Ea12Ce7F9D72,60,ethereum,0xC18360217D8F7Ab5e7c516566761Ea12Ce7F9D72,ENS,Ethereum Name Service,18,ERC20
c60_t0xC4C2614E694cF534D407Ee49F8E44D125E4681c4,60,ethereum,0xC4C2614E694cF534D407Ee49F8E44D125E4681c4,CHAIN,Chain Games,18,ERC20
c60_t0xC52C326331E9Ce41F04484d3B5E5648158028804,60,ethereum,0xC52C326331E9Ce41F04484d3B5E5648158028804,ZCX,Unizen,18,ERC20
c60_t0xC57d533c50bC22247d49a368880fb49a1caA39F7,60,ethereum,0xC57d533c50bC22247d49a368880fb49a1caA39F7,PTF,PowerTrade Fuel,18,ERC20
c60_t0xc719d010B63E5bbF2C0551872CD5316ED26AcD83,60,ethereum,0xc719d010B63E5bbF2C0551872CD5316ED26AcD83,DIP,Decentralized Insurance Protocol,18,ERC20
c60_t0xc7283b66Eb1EB5FB86327f08e1B5816b0720212B,60,ethereum,0xc7283b66Eb1EB5FB86327f08e1B5816b0720212B,TRIBE,Tribe,18,ERC20
c60_t0xc834Fa996fA3BeC7aAD3693af486ae53D8aA8B50,60,ethereum,0xc834Fa996fA3BeC7aAD3693af486ae53D8aA8B50,CONV,Convergence,18,ERC20
c60_t0xc944E90C64B2c07662A292be6244BDf05Cda44a7,60,ethereum,0xc944E90C64B2c07662A292be6244BDf05Cda44a7,GRT,The Graph,18,ERC20
c60_t0xCb5f72d37685C3D5aD0bB5F982443BC8FcdF570E,60,ethereum,0xCb5f72d37685C3D5aD0bB5F982443BC8FcdF570E,ROOT,Rootkit Finance,18,ERC20
c60_t0xCbfef8fdd706cde6F208460f2Bf39Aa9c785F05D,60,ethereum,0xCbfef8fdd706cde6F208460f2Bf39Aa9c785F05D,KINE,Kine Governance Token,18,ERC20
c60_t0xCC4304A31d09258b0029eA7FE63d032f52e44EFe,60,ethereum,0xCC4304A31d09258b0029eA7FE63d032f52e44EFe,SWAP,TrustSwap Token,18,ERC20
c60_t0xCF3C8Be2e2C42331Da80EF210e9B1b307C03d36A,60,ethereum,0xCF3C8Be2e2C42331Da80EF210e9B1b307C03d36A,BEPRO,BEPRO Network,18,ERC20
c60_t0xd084B83C305daFD76AE3E1b4E1F1fe2eCcCb3988,60,ethereum,0xd084B83C305daFD76AE3E1b4E1F1fe2eCcCb3988,TVK,Terra Virtua Kolect,18,ERC20
c60_t0xD23Ac27148aF6A2f339BD82D0e3CFF380b5093de,60,ethereum,0xD23Ac27148aF6A2f339BD82D0e3CFF380b5093de,SI,SIREN,18,ERC20
c60_t0xd26114cd6EE289AccF82350c8d8487fedB8A0C07,60,ethereum,0xd26114cd6EE289AccF82350c8d8487fedB8A0C07,OMG,OMG Network,18,ERC20
c60_t0xd2877702675e6cEb975b4A1dFf9fb7BAF4C91ea9,60,ethereum,0xd2877702675e6cEb975b4A1dFf9fb7BAF4C91ea9,LUNA,Terra,18,ERC20
c60_t0xd379700999F4805Ce80aa32DB46A94dF64561108,60,ethereum,0xd379700999F4805Ce80aa32DB46A94dF64561108,DETS,Dextrust,18,ERC20
c60_t0xD46bA6D942050d489DBd938a2C909A5d5039A161,60,ethereum,0xD46bA6D942050d489DBd938a2C909A5d5039A161,AMPL,Ampleforth,9,ERC20
c60_t0xD478161C952357F05f0292B56012Cd8457F1cfbF,60,ethereum,0xD478161C952357F05f0292B56012Cd8457F1cfbF,POLK,Polkamarkets,18,ERC20
c60_t0xD533a949740bb3306d119CC777fa900bA034cd52,60,ethereum,0xD533a949740bb3306d119CC777fa900bA034cd52,CRV,Curve DAO Token,18,ERC20
c60_t0xD5525D397898e5502075Ea5E830d8914f6F0affe,60,ethereum,0xD5525D397898e5502075Ea5E830d8914f6F0affe,MEME,MEME,8,ERC20
c60_t0xD6c67B93a7b248dF608a653d82a100556144c5DA,60,ethereum,0xD6c67B93a7b248dF608a653d82a100556144c5DA,EXNT,ExNetwork Token,16,ERC20
c60_t0xdAC17F958D2ee523a2206206994597C13D831ec7,60,ethereum,0xdAC17F958D2ee523a2206206994597C13D831ec7,USDT,Tether,6,ERC20
c60_t0xdacD69347dE42baBfAEcD09dC88958378780FB62,60,ethereum,0xdacD69347dE42baBfAEcD09dC88958378780FB62,ATRI,Atari Token,0,ERC20
c60_t0xDcB01cc464238396E213a6fDd933E36796eAfF9f,60,ethereum,0xDcB01cc464238396E213a6fDd933E36796eAfF9f,YLD,Yield,18,ERC20
c60_t0xDDB3422497E61e13543BeA06989C0789117555c5,60,ethereum,0xDDB3422497E61e13543BeA06989C0789117555c5,COTI,COTI,18,ERC20
c60_t0xE1c7E30C42C24582888C758984f6e382096786bd,60,ethereum,0xE1c7E30C42C24582888C758984f6e382096786bd,XCUR,Curate,8,ERC20
c60_t0xe28b3B32B6c345A34Ff64674606124Dd5Aceca30,60,ethereum,0xe28b3B32B6c345A34Ff64674606124Dd5Aceca30,INJ,Injective,18,ERC20
c60_t0xe3818504c1B32bF1557b16C238B2E01Fd3149C17,60,ethereum,0xe3818504c1B32bF1557b16C238B2E01Fd3149C17,PLR,PILLAR,18,ERC20
c60_t0xE41d2489571d322189246DaFA5ebDe1F4699F498,60,ethereum,0xE41d2489571d322189246DaFA5ebDe1F4699F498,ZRX,0x,18,ERC20
c60_t0xE452E6Ea2dDeB012e20dB73bf5d3863A3Ac8d77a,60,ethereum,0xE452E6Ea2dDeB012e20dB73bf5d3863A3Ac8d77a,WCELO,WCELO,18,ERC20
c60_t0xe53EC727dbDEB9E2d5456c3be40cFF031AB40A55,60,ethereum,0xe53EC727dbDEB9E2d5456c3be40cFF031AB40A55,SUPER,SuperVerse,18,ERC20
c60_t0xE5CAeF4Af8780E59Df925470b050Fb23C43CA68C,60,ethereum,0xE5CAeF4Af8780E59Df925470b050Fb23C43CA68C,FRM,Ferrum Network,6,ERC20
c60_t0xE61fDAF474Fac07063f2234Fb9e60C1163Cfa850,60,ethereum,0xE61fDAF474Fac07063f2234Fb9e60C1163Cfa850,COIN,COIN,18,ERC20
c60_t0xE95A203B1a91a908F9B9CE46459d101078c2c3cb,60,ethereum,0xE95A203B1a91a908F9B9CE46459d101078c2c3cb,aETHc,ankrETH,18,ERC20
c60_t0xEA1ea0972fa092dd463f2968F9bB51Cc4c981D71,60,ethereum,0xEA1ea0972fa092dd463f2968F9bB51Cc4c981D71,MOD,Modefi,18,ERC20
c60_t0xEa319e87Cf06203DAe107Dd8E5672175e3Ee976c,60,ethereum,0xEa319e87Cf06203DAe107Dd8E5672175e3Ee976c,SURF,SURF Finance,18,ERC20
c60_t0xEB4C2781e4ebA804CE9a9803C67d0893436bB27D,60,ethereum,0xEB4C2781e4ebA804CE9a9803C67d0893436bB27D,renBTC,renBTC,8,ERC20
c60_t0xEBd9D99A3982d547C5Bb4DB7E3b1F9F14b67Eb83,60,ethereum,0xEBd9D99A3982d547C5Bb4DB7E3b1F9F14b67Eb83,ID,Everest,18,ERC20
c60_t0xEd91879919B71bB6905f23af0A68d231EcF87b14,60,ethereum,0xEd91879919B71bB6905f23af0A68d231EcF87b14,DMG,DMM: Governance,18,ERC20
c60_t0xee573a945B01B788B9287CE062A0CFC15bE9fd86,60,ethereum,0xee573a945B01B788B9287CE062A0CFC15bE9fd86,XED,Exeedme,18,ERC20
c60_t0xeEAA40B28A2d1b0B08f6f97bB1DD4B75316c6107,60,ethereum,0xeEAA40B28A2d1b0B08f6f97bB1DD4B75316c6107,GOVI,GOVI,18,ERC20
c60_t0xEec2bE5c91ae7f8a338e1e5f3b5DE49d07AfdC81,60,ethereum,0xEec2bE5c91ae7f8a338e1e5f3b5DE49d07AfdC81,DPX,Dopex Governance Token,18,ERC20
c60_t0xEEF9f339514298C6A857EfCfC1A762aF84438dEE,60,ethereum,0xEEF9f339514298C6A857EfCfC1A762aF84438dEE,HEZ,Hermez Network,18,ERC20
c60_t0xF063fE1aB7a291c5d06a86e14730b00BF24cB589,60,ethereum,0xF063fE1aB7a291c5d06a86e14730b00BF24cB589,SALE,DxSale Network,18,ERC20
c60_t0xf1f955016EcbCd7321c7266BccFB96c68ea5E49b,60,ethereum,0xf1f955016EcbCd7321c7266BccFB96c68ea5E49b,RLY,Rally,18,ERC20
c60_t0xF411903cbC70a74d22900a5DE66A2dda66507255,60,ethereum,0xF411903cbC70a74d22900a5DE66A2dda66507255,VRA,Verasity,18,ERC20
c60_t0xf418588522d5dd018b425E472991E52EBBeEEEEE,60,ethereum,0xf418588522d5dd018b425E472991E52EBBeEEEEE,PUSH,PUSH,18,ERC20
c60_t0xf4CD3d3Fda8d7Fd6C5a500203e38640A70Bf9577,60,ethereum,0xf4CD3d3Fda8d7Fd6C5a500203e38640A70Bf9577,Yf-DAI,YfDAI.finance,18,ERC20
c60_t0xF4d861575ecC9493420A3f5a14F85B13f0b50EB3,60,ethereum,0xF4d861575ecC9493420A3f5a14F85B13f0b50EB3,FCL,Fractal,18,ERC20
c60_t0xF629cBd94d3791C9250152BD8dfBDF380E2a3B9c,60,ethereum,0xF629cBd94d3791C9250152BD8dfBDF380E2a3B9c,ENJ,Enjin Coin,18,ERC20
c60_t0xf6537FE0df7F0Cc0985Cf00792CC98249E73EFa0,60,ethereum,0xf6537FE0df7F0Cc0985Cf00792CC98249E73EFa0,GIV,GIVLY Coin,8,ERC20
c60_t0xF938424F7210f31dF2Aee3011291b658f872e91e,60,ethereum,0xF938424F7210f31dF2Aee3011291b658f872e91e,VISR,Visor.Finance,18,ERC20
c60_t0xF94b5C5651c888d928439aB6514B93944eEE6F48,60,ethereum,0xF94b5C5651c888d928439aB6514B93944eEE6F48,YLD,Yield,18,ERC20
c60_t0xfAd45E47083e4607302aa43c65fB3106F1cd7607,60,ethereum,0xfAd45E47083e4607302aa43c65fB3106F1cd7607,HOGE,Hoge Finance,9,ERC20
c60_t0xFbEEa1C75E4c4465CB2FCCc9c6d6afe984558E20,60,ethereum,0xFbEEa1C75E4c4465CB2FCCc9c6d6afe984558E20,DDIM,DuckDaoDime,18,ERC20
c60_t0xfC98e825A2264D890F9a1e68ed50E1526abCcacD,60,ethereum,0xfC98e825A2264D890F9a1e68ed50E1526abCcacD,MCO2,Moss Carbon Credit,18,ERC20
c60_t0xFca59Cd816aB1eaD66534D82bc21E7515cE441CF,60,ethereum,0xFca59Cd816aB1eaD66534D82bc21E7515cE441CF,RARI,Rarible,18,ERC20
c60_t0xFE3E6a25e6b192A42a44ecDDCd13796471735ACf,60,ethereum,0xFE3E6a25e6b192A42a44ecDDCd13796471735ACf,REEF,Reef,18,ERC20
c60_t0xfF20817765cB7f73d4bde2e66e067E58D11095C2,60,ethereum,0xfF20817765cB7f73d4bde2e66e067E58D11095C2,AMP,Amp,18,ERC20
c60_t0xfffffffFf15AbF397dA76f1dcc1A1604F45126DB,60,ethereum,0xfffffffFf15AbF397dA76f1dcc1A1604F45126DB,FSW,FalconSwap Token,18,ERC20
c60_t0x383518188C0C6d7730D91b2c03a03C837814a899,60,ethereum,0x383518188C0C6d7730D91b2c03a03C837814a899,OHM,OlympusDAO,9,ERC20
c60_t0x767FE9EDC9E0dF98E07454847909b5E959D7ca0E,60,ethereum,0x767FE9EDC9E0dF98E07454847909b5E959D7ca0E,ILV,Illuvium,18,ERC20
c60_t0xd1d2Eb1B1e90B638588728b4130137D262C87cae,60,ethereum,0xd1d2Eb1B1e90B638588728b4130137D262C87cae,GALA,Gala,8,ERC20
c60_t0x4e3FBD56CD56c3e72c1403e103b45Db9da5B9D2B,60,ethereum,0x4e3FBD56CD56c3e72c1403e103b45Db9da5B9D2B,CVX,Convex Finance,18,ERC20
c60_t0x090185f2135308BaD17527004364eBcC2D37e5F6,60,ethereum,0x090185f2135308BaD17527004364eBcC2D37e5F6,SPELL,Spell Token,18,ERC20
c60_t0x3b484b82567a09e2588A13D54D032153f0c0aEe0,60,ethereum,0x3b484b82567a09e2588A13D54D032153f0c0aEe0,SOS,OpenDAO,18,ERC20
c60_t0x6Bba316c48b49BD1eAc44573c5c871ff02958469,60,ethereum,0x6Bba316c48b49BD1eAc44573c5c871ff02958469,GAS,Gas DAO,18,ERC20
c60_t0x4Fabb145d64652a948d72533023f6E7A623C7C53,60,ethereum,0x4Fabb145d64652a948d72533023f6E7A623C7C53,BUSD,Binance USD,18,ERC20
c60_t0x9E32b13ce7f2E80A01932B42553652E053D6ed8e,60,ethereum,0x9E32b13ce7f2E80A01932B42553652E053D6ed8e,Metis,MetisDAO,18,ERC20
c60_t0xf4d2888d29D722226FafA5d9B24F9164c092421E,60,ethereum,0xf4d2888d29D722226FafA5d9B24F9164c092421E,LOOKS,LooksRare,18,ERC20
c60_t0x1E4EDE388cbc9F4b5c79681B7f94d36a11ABEBC9,60,ethereum,0x1E4EDE388cbc9F4b5c79681B7f94d36a11ABEBC9,X2Y2,X2Y2Token,18,ERC20
c60_t0x4d224452801ACEd8B2F0aebE155379bb5D594381,60,ethereum,0x4d224452801ACEd8B2F0aebE155379bb5D594381,APE,ApeCoin (APE),18,ERC20
c60_t0xAf5191B0De278C7286d6C7CC6ab6BB8A73bA2Cd6,60,ethereum,0xAf5191B0De278C7286d6C7CC6ab6BB8A73bA2Cd6,STG,Stargate Finance,18,ERC20
c60_t0x70e8dE73cE538DA2bEEd35d14187F6959a8ecA96,60,ethereum,0x70e8dE73cE538DA2bEEd35d14187F6959a8ecA96,XSGD,XSGD,6,ERC20
c60_t0xB0c7a3Ba49C7a6EaBa6cD4a96C55a1391070Ac9A,60,ethereum,0xB0c7a3Ba49C7a6EaBa6cD4a96C55a1391070Ac9A,MAGIC,MAGIC,18,ERC20
c60_t0xCEBA2a8F6Ec221AEB5f3a7bcd15Cbc7e6a387bfb,60,ethereum,0xCEBA2a8F6Ec221AEB5f3a7bcd15Cbc7e6a387bfb,PAN,Peter Pan,18,ERC20
